{
  "CHARLS": {
    "cohort": "CHARLS",
    "RERI_age": -0.09168200986721775,
    "RERI_sex": -6.796864239681684,
    "multiplicative_age_P": 0.9970080533997724
  }
}