{
  "CHARLS": {
    "N": 200,
    "a": 0.5086917214449937,
    "a_P": 0.8421739877090438,
    "b": 0.24937429474710487,
    "c_prime": -15.944464885982542,
    "c_total": -15.817610246703536,
    "indirect": 0.12685463927903604,
    "med_pct": -0.8019835948699844,
    "boot_CI_low": -1.4606925209942088,
    "boot_CI_high": 2.052195481240816,
    "sobel_z": 0.19474014283269958,
    "e_value": NaN,
    "e_value_CI": 2.634968608794969
  }
}