{
  "per_cohort": {
    "CHARLS": {
      "cohort": "CHARLS",
      "N": 200,
      "logistic_OR": 4.125000000000001,
      "logistic_CI_low": 0.45286947099226904,
      "logistic_CI_high": 37.572912483408444,
      "logistic_P": 0.2086860902346852,
      "linear_beta": -16.05896009985183,
      "linear_CI_low": -35.31017526049317,
      "linear_CI_high": 3.1922550607895097,
      "linear_P": 0.10155320269981014,
      "four_level": {
        "M1_crude": -16.05896009985183,
        "M1_CI": "-35.31-3.19",
        "M2_age_sex": -15.359162429564558,
        "M2_CI": "-34.84-4.12",
        "M3_edu": -15.359162429564558,
        "M3_CI": "-34.84-4.12",
        "M4_full": -15.359162429564558,
        "M4_CI": "-34.84-4.12"
      }
    }
  },
  "meta": null
}